Category,Problem,Link
Introductory Problems,Weird Algorithm,https://cses.fi/problemset/task/1068
Introductory Problems,Missing Number,https://cses.fi/problemset/task/1083
Introductory Problems,Repetitions,https://cses.fi/problemset/task/1069
Introductory Problems,Increasing Array,https://cses.fi/problemset/task/1094
Introductory Problems,Permutations,https://cses.fi/problemset/task/1070
Introductory Problems,Number Spiral,https://cses.fi/problemset/task/1071
Introductory Problems,Two Knights,https://cses.fi/problemset/task/1072
Introductory Problems,Two Sets,https://cses.fi/problemset/task/1092
Introductory Problems,Bit Strings,https://cses.fi/problemset/task/1617
Introductory Problems,Trailing Zeros,https://cses.fi/problemset/task/1618
Introductory Problems,Coin Piles,https://cses.fi/problemset/task/1754
Introductory Problems,Palindrome Reorder,https://cses.fi/problemset/task/1755
Introductory Problems,Gray Code,https://cses.fi/problemset/task/2205
Introductory Problems,Tower of Hanoi,https://cses.fi/problemset/task/2165
Introductory Problems,Creating Strings,https://cses.fi/problemset/task/1622
Introductory Problems,Apple Division,https://cses.fi/problemset/task/1623
Introductory Problems,Chessboard and Queens,https://cses.fi/problemset/task/1624
Introductory Problems,Raab Game I,https://cses.fi/problemset/task/3399
Introductory Problems,Mex Grid Construction,https://cses.fi/problemset/task/3419
Introductory Problems,Knight Moves Grid,https://cses.fi/problemset/task/3217
Introductory Problems,Grid Coloring I,https://cses.fi/problemset/task/3311
Introductory Problems,Digit Queries,https://cses.fi/problemset/task/2431
Introductory Problems,String Reorder,https://cses.fi/problemset/task/1743
Introductory Problems,Grid Path Description,https://cses.fi/problemset/task/1625
Sorting and Searching,Distinct Numbers,https://cses.fi/problemset/task/1621
Sorting and Searching,Apartments,https://cses.fi/problemset/task/1084
Sorting and Searching,Ferris Wheel,https://cses.fi/problemset/task/1090
Sorting and Searching,Concert Tickets,https://cses.fi/problemset/task/1091
Sorting and Searching,Restaurant Customers,https://cses.fi/problemset/task/1619
Sorting and Searching,Movie Festival,https://cses.fi/problemset/task/1629
Sorting and Searching,Sum of Two Values,https://cses.fi/problemset/task/1640
Sorting and Searching,Maximum Subarray Sum,https://cses.fi/problemset/task/1643
Sorting and Searching,Stick Lengths,https://cses.fi/problemset/task/1074
Sorting and Searching,Missing Coin Sum,https://cses.fi/problemset/task/2183
Sorting and Searching,Collecting Numbers,https://cses.fi/problemset/task/2216
Sorting and Searching,Collecting Numbers II,https://cses.fi/problemset/task/2217
Sorting and Searching,Playlist,https://cses.fi/problemset/task/1141
Sorting and Searching,Towers,https://cses.fi/problemset/task/1073
Sorting and Searching,Traffic Lights,https://cses.fi/problemset/task/1163
Sorting and Searching,Distinct Values Subarrays,https://cses.fi/problemset/task/3420
Sorting and Searching,Distinct Values Subsequences,https://cses.fi/problemset/task/3421
Sorting and Searching,Josephus Problem I,https://cses.fi/problemset/task/2162
Sorting and Searching,Josephus Problem II,https://cses.fi/problemset/task/2163
Sorting and Searching,Nested Ranges Check,https://cses.fi/problemset/task/2168
Sorting and Searching,Nested Ranges Count,https://cses.fi/problemset/task/2169
Sorting and Searching,Room Allocation,https://cses.fi/problemset/task/1164
Sorting and Searching,Factory Machines,https://cses.fi/problemset/task/1620
Sorting and Searching,Tasks and Deadlines,https://cses.fi/problemset/task/1630
Sorting and Searching,Reading Books,https://cses.fi/problemset/task/1631
Sorting and Searching,Sum of Three Values,https://cses.fi/problemset/task/1641
Sorting and Searching,Sum of Four Values,https://cses.fi/problemset/task/1642
Sorting and Searching,Nearest Smaller Values,https://cses.fi/problemset/task/1645
Sorting and Searching,Subarray Sums I,https://cses.fi/problemset/task/1660
Sorting and Searching,Subarray Sums II,https://cses.fi/problemset/task/1661
Sorting and Searching,Subarray Divisibility,https://cses.fi/problemset/task/1662
Sorting and Searching,Distinct Values Subarrays II,https://cses.fi/problemset/task/2428
Sorting and Searching,Array Division,https://cses.fi/problemset/task/1085
Sorting and Searching,Movie Festival II,https://cses.fi/problemset/task/1632
Sorting and Searching,Maximum Subarray Sum II,https://cses.fi/problemset/task/1644
Dynamic Programming,Dice Combinations,https://cses.fi/problemset/task/1633
Dynamic Programming,Minimizing Coins,https://cses.fi/problemset/task/1634
Dynamic Programming,Coin Combinations I,https://cses.fi/problemset/task/1635
Dynamic Programming,Coin Combinations II,https://cses.fi/problemset/task/1636
Dynamic Programming,Removing Digits,https://cses.fi/problemset/task/1637
Dynamic Programming,Grid Paths I,https://cses.fi/problemset/task/1638
Dynamic Programming,Book Shop,https://cses.fi/problemset/task/1158
Dynamic Programming,Array Description,https://cses.fi/problemset/task/1746
Dynamic Programming,Counting Towers,https://cses.fi/problemset/task/2413
Dynamic Programming,Edit Distance,https://cses.fi/problemset/task/1639
Dynamic Programming,Longest Common Subsequence,https://cses.fi/problemset/task/3403
Dynamic Programming,Rectangle Cutting,https://cses.fi/problemset/task/1744
Dynamic Programming,Minimal Grid Path,https://cses.fi/problemset/task/3359
Dynamic Programming,Money Sums,https://cses.fi/problemset/task/1745
Dynamic Programming,Removal Game,https://cses.fi/problemset/task/1097
Dynamic Programming,Two Sets II,https://cses.fi/problemset/task/1093
Dynamic Programming,Mountain Range,https://cses.fi/problemset/task/3314
Dynamic Programming,Increasing Subsequence,https://cses.fi/problemset/task/1145
Dynamic Programming,Projects,https://cses.fi/problemset/task/1140
Dynamic Programming,Elevator Rides,https://cses.fi/problemset/task/1653
Dynamic Programming,Counting Tilings,https://cses.fi/problemset/task/2181
Dynamic Programming,Counting Numbers,https://cses.fi/problemset/task/2220
Dynamic Programming,Increasing Subsequence II,https://cses.fi/problemset/task/1748
Graph Algorithms,Counting Rooms,https://cses.fi/problemset/task/1192
Graph Algorithms,Labyrinth,https://cses.fi/problemset/task/1193
Graph Algorithms,Building Roads,https://cses.fi/problemset/task/1666
Graph Algorithms,Message Route,https://cses.fi/problemset/task/1667
Graph Algorithms,Building Teams,https://cses.fi/problemset/task/1668
Graph Algorithms,Round Trip,https://cses.fi/problemset/task/1669
Graph Algorithms,Monsters,https://cses.fi/problemset/task/1194
Graph Algorithms,Shortest Routes I,https://cses.fi/problemset/task/1671
Graph Algorithms,Shortest Routes II,https://cses.fi/problemset/task/1672
Graph Algorithms,High Score,https://cses.fi/problemset/task/1673
Graph Algorithms,Flight Discount,https://cses.fi/problemset/task/1195
Graph Algorithms,Cycle Finding,https://cses.fi/problemset/task/1197
Graph Algorithms,Flight Routes,https://cses.fi/problemset/task/1196
Graph Algorithms,Round Trip II,https://cses.fi/problemset/task/1678
Graph Algorithms,Course Schedule,https://cses.fi/problemset/task/1679
Graph Algorithms,Longest Flight Route,https://cses.fi/problemset/task/1680
Graph Algorithms,Game Routes,https://cses.fi/problemset/task/1681
Graph Algorithms,Investigation,https://cses.fi/problemset/task/1202
Graph Algorithms,Planets Queries I,https://cses.fi/problemset/task/1750
Graph Algorithms,Planets Queries II,https://cses.fi/problemset/task/1160
Graph Algorithms,Planets Cycles,https://cses.fi/problemset/task/1751
Graph Algorithms,Road Reparation,https://cses.fi/problemset/task/1675
Graph Algorithms,Road Construction,https://cses.fi/problemset/task/1676
Graph Algorithms,Flight Routes Check,https://cses.fi/problemset/task/1682
Graph Algorithms,Planets and Kingdoms,https://cses.fi/problemset/task/1683
Graph Algorithms,Giant Pizza,https://cses.fi/problemset/task/1684
Graph Algorithms,Coin Collector,https://cses.fi/problemset/task/1686
Graph Algorithms,Mail Delivery,https://cses.fi/problemset/task/1691
Graph Algorithms,De Bruijn Sequence,https://cses.fi/problemset/task/1692
Graph Algorithms,Teleporters Path,https://cses.fi/problemset/task/1693
Graph Algorithms,Hamiltonian Flights,https://cses.fi/problemset/task/1690
Graph Algorithms,Knight's Tour,https://cses.fi/problemset/task/1689
Graph Algorithms,Download Speed,https://cses.fi/problemset/task/1694
Graph Algorithms,Police Chase,https://cses.fi/problemset/task/1695
Graph Algorithms,School Dance,https://cses.fi/problemset/task/1696
Graph Algorithms,Distinct Routes,https://cses.fi/problemset/task/1711
Range Queries,Static Range Sum Queries,https://cses.fi/problemset/task/1646
Range Queries,Static Range Minimum Queries,https://cses.fi/problemset/task/1647
Range Queries,Dynamic Range Sum Queries,https://cses.fi/problemset/task/1648
Range Queries,Dynamic Range Minimum Queries,https://cses.fi/problemset/task/1649
Range Queries,Range Xor Queries,https://cses.fi/problemset/task/1650
Range Queries,Range Update Queries,https://cses.fi/problemset/task/1651
Range Queries,Forest Queries,https://cses.fi/problemset/task/1652
Range Queries,Hotel Queries,https://cses.fi/problemset/task/1143
Range Queries,List Removals,https://cses.fi/problemset/task/1749
Range Queries,Salary Queries,https://cses.fi/problemset/task/1144
Range Queries,Prefix Sum Queries,https://cses.fi/problemset/task/2166
Range Queries,Pizzeria Queries,https://cses.fi/problemset/task/2206
Range Queries,Visible Buildings Queries,https://cses.fi/problemset/task/3304
Range Queries,Range Interval Queries,https://cses.fi/problemset/task/3163
Range Queries,Subarray Sum Queries,https://cses.fi/problemset/task/1190
Range Queries,Subarray Sum Queries II,https://cses.fi/problemset/task/3226
Range Queries,Distinct Values Queries,https://cses.fi/problemset/task/1734
Range Queries,Distinct Values Queries II,https://cses.fi/problemset/task/3356
Range Queries,Increasing Array Queries,https://cses.fi/problemset/task/2416
Range Queries,Movie Festival Queries,https://cses.fi/problemset/task/1664
Range Queries,Forest Queries II,https://cses.fi/problemset/task/1739
Range Queries,Range Updates and Sums,https://cses.fi/problemset/task/1735
Range Queries,Polynomial Queries,https://cses.fi/problemset/task/1736
Range Queries,Range Queries and Copies,https://cses.fi/problemset/task/1737
Range Queries,Missing Coin Sum Queries,https://cses.fi/problemset/task/2184
Tree Algorithms,Subordinates,https://cses.fi/problemset/task/1674
Tree Algorithms,Tree Matching,https://cses.fi/problemset/task/1130
Tree Algorithms,Tree Diameter,https://cses.fi/problemset/task/1131
Tree Algorithms,Tree Distances I,https://cses.fi/problemset/task/1132
Tree Algorithms,Tree Distances II,https://cses.fi/problemset/task/1133
Tree Algorithms,Company Queries I,https://cses.fi/problemset/task/1687
Tree Algorithms,Company Queries II,https://cses.fi/problemset/task/1688
Tree Algorithms,Distance Queries,https://cses.fi/problemset/task/1135
Tree Algorithms,Counting Paths,https://cses.fi/problemset/task/1136
Tree Algorithms,Subtree Queries,https://cses.fi/problemset/task/1137
Tree Algorithms,Path Queries,https://cses.fi/problemset/task/1138
Tree Algorithms,Path Queries II,https://cses.fi/problemset/task/2134
Tree Algorithms,Distinct Colors,https://cses.fi/problemset/task/1139
Tree Algorithms,Finding a Centroid,https://cses.fi/problemset/task/2079
Tree Algorithms,Fixed-Length Paths I,https://cses.fi/problemset/task/2080
Tree Algorithms,Fixed-Length Paths II,https://cses.fi/problemset/task/2081
Mathematics,Josephus Queries,https://cses.fi/problemset/task/2164
Mathematics,Exponentiation,https://cses.fi/problemset/task/1095
Mathematics,Exponentiation II,https://cses.fi/problemset/task/1712
Mathematics,Counting Divisors,https://cses.fi/problemset/task/1713
Mathematics,Common Divisors,https://cses.fi/problemset/task/1081
Mathematics,Sum of Divisors,https://cses.fi/problemset/task/1082
Mathematics,Divisor Analysis,https://cses.fi/problemset/task/2182
Mathematics,Prime Multiples,https://cses.fi/problemset/task/2185
Mathematics,Counting Coprime Pairs,https://cses.fi/problemset/task/2417
Mathematics,Next Prime,https://cses.fi/problemset/task/3396
Mathematics,Binomial Coefficients,https://cses.fi/problemset/task/1079
Mathematics,Creating Strings II,https://cses.fi/problemset/task/1715
Mathematics,Distributing Apples,https://cses.fi/problemset/task/1716
Mathematics,Christmas Party,https://cses.fi/problemset/task/1717
Mathematics,Permutation Order,https://cses.fi/problemset/task/3397
Mathematics,Permutation Rounds,https://cses.fi/problemset/task/3398
Mathematics,Bracket Sequences I,https://cses.fi/problemset/task/2064
Mathematics,Bracket Sequences II,https://cses.fi/problemset/task/2187
Mathematics,Counting Necklaces,https://cses.fi/problemset/task/2209
Mathematics,Counting Grids,https://cses.fi/problemset/task/2210
Mathematics,Fibonacci Numbers,https://cses.fi/problemset/task/1722
Mathematics,Throwing Dice,https://cses.fi/problemset/task/1096
Mathematics,Graph Paths I,https://cses.fi/problemset/task/1723
Mathematics,Graph Paths II,https://cses.fi/problemset/task/1724
Mathematics,System of Linear Equations,https://cses.fi/problemset/task/3154
Mathematics,Sum of Four Squares,https://cses.fi/problemset/task/3355
Mathematics,Triangle Number Sums,https://cses.fi/problemset/task/3406
Mathematics,Dice Probability,https://cses.fi/problemset/task/1725
Mathematics,Moving Robots,https://cses.fi/problemset/task/1726
Mathematics,Candy Lottery,https://cses.fi/problemset/task/1727
Mathematics,Inversion Probability,https://cses.fi/problemset/task/1728
Mathematics,Stick Game,https://cses.fi/problemset/task/1729
Mathematics,Nim Game I,https://cses.fi/problemset/task/1730
Mathematics,Nim Game II,https://cses.fi/problemset/task/1098
Mathematics,Stair Game,https://cses.fi/problemset/task/1099
Mathematics,Grundy's Game,https://cses.fi/problemset/task/2207
Mathematics,Another Game,https://cses.fi/problemset/task/2208
String Algorithms,Word Combinations,https://cses.fi/problemset/task/1731
String Algorithms,String Matching,https://cses.fi/problemset/task/1753
String Algorithms,Finding Borders,https://cses.fi/problemset/task/1732
String Algorithms,Finding Periods,https://cses.fi/problemset/task/1733
String Algorithms,Minimal Rotation,https://cses.fi/problemset/task/1110
String Algorithms,Longest Palindrome,https://cses.fi/problemset/task/1111
String Algorithms,All Palindromes,https://cses.fi/problemset/task/3138
String Algorithms,Required Substring,https://cses.fi/problemset/task/1112
String Algorithms,Palindrome Queries,https://cses.fi/problemset/task/2420
String Algorithms,Finding Patterns,https://cses.fi/problemset/task/2102
String Algorithms,Counting Patterns,https://cses.fi/problemset/task/2103
String Algorithms,Pattern Positions,https://cses.fi/problemset/task/2104
String Algorithms,Distinct Substrings,https://cses.fi/problemset/task/2105
String Algorithms,Distinct Subsequences,https://cses.fi/problemset/task/1149
String Algorithms,Repeating Substring,https://cses.fi/problemset/task/2106
String Algorithms,String Functions,https://cses.fi/problemset/task/2107
String Algorithms,Inverse Suffix Array,https://cses.fi/problemset/task/3225
String Algorithms,String Transform,https://cses.fi/problemset/task/1113
String Algorithms,Substring Order I,https://cses.fi/problemset/task/2108
String Algorithms,Substring Order II,https://cses.fi/problemset/task/2109
String Algorithms,Substring Distribution,https://cses.fi/problemset/task/2110
Geometry,Point Location Test,https://cses.fi/problemset/task/2189
Geometry,Line Segment Intersection,https://cses.fi/problemset/task/2190
Geometry,Polygon Area,https://cses.fi/problemset/task/2191
Geometry,Point in Polygon,https://cses.fi/problemset/task/2192
Geometry,Polygon Lattice Points,https://cses.fi/problemset/task/2193
Geometry,Minimum Euclidean Distance,https://cses.fi/problemset/task/2194
Geometry,Convex Hull,https://cses.fi/problemset/task/2195
Geometry,Maximum Manhattan Distances,https://cses.fi/problemset/task/3410
Geometry,All Manhattan Distances,https://cses.fi/problemset/task/3411
Geometry,Intersection Points,https://cses.fi/problemset/task/1740
Geometry,Line Segments Trace I,https://cses.fi/problemset/task/3427
Geometry,Line Segments Trace II,https://cses.fi/problemset/task/3428
Geometry,Lines and Queries I,https://cses.fi/problemset/task/3429
Geometry,Lines and Queries II,https://cses.fi/problemset/task/3430
Geometry,Area of Rectangles,https://cses.fi/problemset/task/1741
Geometry,Robot Path,https://cses.fi/problemset/task/1742
Advanced Techniques,Meet in the Middle,https://cses.fi/problemset/task/1628
Advanced Techniques,Hamming Distance,https://cses.fi/problemset/task/2136
Advanced Techniques,Corner Subgrid Check,https://cses.fi/problemset/task/3360
Advanced Techniques,Corner Subgrid Count,https://cses.fi/problemset/task/2137
Advanced Techniques,Reachable Nodes,https://cses.fi/problemset/task/2138
Advanced Techniques,Reachability Queries,https://cses.fi/problemset/task/2143
Advanced Techniques,Cut and Paste,https://cses.fi/problemset/task/2072
Advanced Techniques,Substring Reversals,https://cses.fi/problemset/task/2073
Advanced Techniques,Reversals and Sums,https://cses.fi/problemset/task/2074
Advanced Techniques,Necessary Roads,https://cses.fi/problemset/task/2076
Advanced Techniques,Necessary Cities,https://cses.fi/problemset/task/2077
Advanced Techniques,Eulerian Subgraphs,https://cses.fi/problemset/task/2078
Advanced Techniques,Monster Game I,https://cses.fi/problemset/task/2084
Advanced Techniques,Monster Game II,https://cses.fi/problemset/task/2085
Advanced Techniques,Subarray Squares,https://cses.fi/problemset/task/2086
Advanced Techniques,Houses and Schools,https://cses.fi/problemset/task/2087
Advanced Techniques,Knuth Division,https://cses.fi/problemset/task/2088
Advanced Techniques,Apples and Bananas,https://cses.fi/problemset/task/2111
Advanced Techniques,One Bit Positions,https://cses.fi/problemset/task/2112
Advanced Techniques,Signal Processing,https://cses.fi/problemset/task/2113
Advanced Techniques,New Roads Queries,https://cses.fi/problemset/task/2101
Advanced Techniques,Dynamic Connectivity,https://cses.fi/problemset/task/2133
Advanced Techniques,Parcel Delivery,https://cses.fi/problemset/task/2121
Advanced Techniques,Task Assignment,https://cses.fi/problemset/task/2129
Advanced Techniques,Distinct Routes II,https://cses.fi/problemset/task/2130
Sliding Window Problems,Sliding Window Sum,https://cses.fi/problemset/task/3220
Sliding Window Problems,Sliding Window Minimum,https://cses.fi/problemset/task/3221
Sliding Window Problems,Sliding Window Xor,https://cses.fi/problemset/task/3426
Sliding Window Problems,Sliding Window Or,https://cses.fi/problemset/task/3405
Sliding Window Problems,Sliding Window Distinct Values,https://cses.fi/problemset/task/3222
Sliding Window Problems,Sliding Window Mode,https://cses.fi/problemset/task/3224
Sliding Window Problems,Sliding Window Mex,https://cses.fi/problemset/task/3219
Sliding Window Problems,Sliding Window Median,https://cses.fi/problemset/task/1076
Sliding Window Problems,Sliding Window Cost,https://cses.fi/problemset/task/1077
Sliding Window Problems,Sliding Window Inversions,https://cses.fi/problemset/task/3223
Sliding Window Problems,Sliding Window Advertisement,https://cses.fi/problemset/task/3227
Interactive Problems,Hidden Integer,https://cses.fi/problemset/task/3112
Interactive Problems,Hidden Permutation,https://cses.fi/problemset/task/3139
Interactive Problems,K-th Highest Score,https://cses.fi/problemset/task/3305
Interactive Problems,Permuted Binary Strings,https://cses.fi/problemset/task/3228
Interactive Problems,Colored Chairs,https://cses.fi/problemset/task/3273
Interactive Problems,Inversion Sorting,https://cses.fi/problemset/task/3140
Bitwise Operations,Counting Bits,https://cses.fi/problemset/task/1146
Bitwise Operations,Maximum Xor Subarray,https://cses.fi/problemset/task/1655
Bitwise Operations,Maximum Xor Subset,https://cses.fi/problemset/task/3191
Bitwise Operations,Number of Subset Xors,https://cses.fi/problemset/task/3211
Bitwise Operations,K Subset Xors,https://cses.fi/problemset/task/3192
Bitwise Operations,All Subarray Xors,https://cses.fi/problemset/task/3233
Bitwise Operations,Xor Pyramid Peak,https://cses.fi/problemset/task/2419
Bitwise Operations,Xor Pyramid Diagonal,https://cses.fi/problemset/task/3194
Bitwise Operations,Xor Pyramid Row,https://cses.fi/problemset/task/3195
Bitwise Operations,SOS Bit Problem,https://cses.fi/problemset/task/1654
Bitwise Operations,And Subset Count,https://cses.fi/problemset/task/3141
Construction Problems,Inverse Inversions,https://cses.fi/problemset/task/2214
Construction Problems,Monotone Subsequences,https://cses.fi/problemset/task/2215
Construction Problems,Third Permutation,https://cses.fi/problemset/task/3422
Construction Problems,Permutation Prime Sums,https://cses.fi/problemset/task/3423
Construction Problems,Chess Tournament,https://cses.fi/problemset/task/1697
Construction Problems,Distinct Sums Grid,https://cses.fi/problemset/task/3424
Construction Problems,Filling Trominos,https://cses.fi/problemset/task/2423
Construction Problems,Grid Path Construction,https://cses.fi/problemset/task/2418
Advanced Graph Problems,Nearest Shops,https://cses.fi/problemset/task/3303
Advanced Graph Problems,Prüfer Code,https://cses.fi/problemset/task/1134
Advanced Graph Problems,Tree Traversals,https://cses.fi/problemset/task/1702
Advanced Graph Problems,Course Schedule II,https://cses.fi/problemset/task/1757
Advanced Graph Problems,Acyclic Graph Edges,https://cses.fi/problemset/task/1756
Advanced Graph Problems,Strongly Connected Edges,https://cses.fi/problemset/task/2177
Advanced Graph Problems,Even Outdegree Edges,https://cses.fi/problemset/task/2179
Advanced Graph Problems,Graph Girth,https://cses.fi/problemset/task/1707
Advanced Graph Problems,Fixed Length Walk Queries,https://cses.fi/problemset/task/3357
Advanced Graph Problems,Transfer Speeds Sum,https://cses.fi/problemset/task/3111
Advanced Graph Problems,MST Edge Check,https://cses.fi/problemset/task/3407
Advanced Graph Problems,MST Edge Set Check,https://cses.fi/problemset/task/3408
Advanced Graph Problems,MST Edge Cost,https://cses.fi/problemset/task/3409
Advanced Graph Problems,Network Breakdown,https://cses.fi/problemset/task/1677
Advanced Graph Problems,Tree Coin Collecting I,https://cses.fi/problemset/task/3114
Advanced Graph Problems,Tree Coin Collecting II,https://cses.fi/problemset/task/3149
Advanced Graph Problems,Tree Isomorphism I,https://cses.fi/problemset/task/1700
Advanced Graph Problems,Tree Isomorphism II,https://cses.fi/problemset/task/1701
Advanced Graph Problems,Flight Route Requests,https://cses.fi/problemset/task/1699
Advanced Graph Problems,Critical Cities,https://cses.fi/problemset/task/1703
Advanced Graph Problems,Visiting Cities,https://cses.fi/problemset/task/1203
Advanced Graph Problems,Graph Coloring,https://cses.fi/problemset/task/3308
Advanced Graph Problems,Bus Companies,https://cses.fi/problemset/task/3158
Advanced Graph Problems,Split into Two Paths,https://cses.fi/problemset/task/3358
Advanced Graph Problems,Network Renovation,https://cses.fi/problemset/task/1704
Advanced Graph Problems,Forbidden Cities,https://cses.fi/problemset/task/1705
Advanced Graph Problems,Creating Offices,https://cses.fi/problemset/task/1752
Advanced Graph Problems,New Flight Routes,https://cses.fi/problemset/task/1685
Counting Problems,Filled Subgrid Count I,https://cses.fi/problemset/task/3413
Counting Problems,Filled Subgrid Count II,https://cses.fi/problemset/task/3414
Counting Problems,All Letter Subgrid Count I,https://cses.fi/problemset/task/3415
Counting Problems,All Letter Subgrid Count II,https://cses.fi/problemset/task/3416
Counting Problems,Border Subgrid Count I,https://cses.fi/problemset/task/3417
Counting Problems,Border Subgrid Count II,https://cses.fi/problemset/task/3418
Counting Problems,Raab Game II,https://cses.fi/problemset/task/3400
Counting Problems,Empty String,https://cses.fi/problemset/task/1080
Counting Problems,Permutation Inversions,https://cses.fi/problemset/task/2229
Counting Problems,Counting Bishops,https://cses.fi/problemset/task/2176
Counting Problems,Counting Sequences,https://cses.fi/problemset/task/2228
Counting Problems,Grid Paths II,https://cses.fi/problemset/task/1078
Counting Problems,Counting Permutations,https://cses.fi/problemset/task/1075
Counting Problems,Grid Completion,https://cses.fi/problemset/task/2429
Counting Problems,Counting Reorders,https://cses.fi/problemset/task/2421
Counting Problems,Tournament Graph Distribution,https://cses.fi/problemset/task/3232
Counting Problems,Collecting Numbers Distribution,https://cses.fi/problemset/task/3157
Counting Problems,Functional Graph Distribution,https://cses.fi/problemset/task/2415
Additional Problems I,Shortest Subsequence,https://cses.fi/problemset/task/1087
Additional Problems I,Distinct Values Sum,https://cses.fi/problemset/task/3150
Additional Problems I,Distinct Values Splits,https://cses.fi/problemset/task/3190
Additional Problems I,Swap Game,https://cses.fi/problemset/task/1670
Additional Problems I,Beautiful Permutation II,https://cses.fi/problemset/task/3175
Additional Problems I,Multiplication Table,https://cses.fi/problemset/task/2422
Additional Problems I,Bubble Sort Rounds I,https://cses.fi/problemset/task/3151
Additional Problems I,Bubble Sort Rounds II,https://cses.fi/problemset/task/3152
Additional Problems I,Nearest Campsites I,https://cses.fi/problemset/task/3306
Additional Problems I,Nearest Campsites II,https://cses.fi/problemset/task/3307
Additional Problems I,Advertisement,https://cses.fi/problemset/task/1142
Additional Problems I,Special Substrings,https://cses.fi/problemset/task/2186
Additional Problems I,Counting LCM Arrays,https://cses.fi/problemset/task/3169
Additional Problems I,Square Subsets,https://cses.fi/problemset/task/3193
Additional Problems I,Subarray Sum Constraints,https://cses.fi/problemset/task/3294
Additional Problems I,Water Containers Moves,https://cses.fi/problemset/task/3213
Additional Problems I,Water Containers Queries,https://cses.fi/problemset/task/3214
Additional Problems I,Stack Weights,https://cses.fi/problemset/task/2425
Additional Problems I,Maximum Average Subarrays,https://cses.fi/problemset/task/3301
Additional Problems I,Subsets with Fixed Average,https://cses.fi/problemset/task/3302
Additional Problems I,Two Array Average,https://cses.fi/problemset/task/3361
Additional Problems I,Pyramid Array,https://cses.fi/problemset/task/1747
Additional Problems I,Permutation Subsequence,https://cses.fi/problemset/task/3404
Additional Problems I,Bit Inversions,https://cses.fi/problemset/task/1188
Additional Problems I,Writing Numbers,https://cses.fi/problemset/task/1086
Additional Problems I,Letter Pair Move Game,https://cses.fi/problemset/task/2427
Additional Problems I,Maximum Building I,https://cses.fi/problemset/task/1147
Additional Problems I,Sorting Methods,https://cses.fi/problemset/task/1162
Additional Problems I,Cyclic Array,https://cses.fi/problemset/task/1191
Additional Problems I,List of Sums,https://cses.fi/problemset/task/2414
Additional Problems II,Bouncing Ball Steps,https://cses.fi/problemset/task/3215
Additional Problems II,Bouncing Ball Cycle,https://cses.fi/problemset/task/3216
Additional Problems II,Knight Moves Queries,https://cses.fi/problemset/task/3218
Additional Problems II,K Subset Sums I,https://cses.fi/problemset/task/3108
Additional Problems II,K Subset Sums II,https://cses.fi/problemset/task/3109
Additional Problems II,Increasing Array II,https://cses.fi/problemset/task/2132
Additional Problems II,Food Division,https://cses.fi/problemset/task/1189
Additional Problems II,Swap Round Sorting,https://cses.fi/problemset/task/1698
Additional Problems II,Binary Subsequences,https://cses.fi/problemset/task/2430
Additional Problems II,School Excursion,https://cses.fi/problemset/task/1706
Additional Problems II,Coin Grid,https://cses.fi/problemset/task/1709
Additional Problems II,Grid Coloring II,https://cses.fi/problemset/task/3312
Additional Problems II,Programmers and Artists,https://cses.fi/problemset/task/2426
Additional Problems II,Removing Digits II,https://cses.fi/problemset/task/2174
Additional Problems II,Coin Arrangement,https://cses.fi/problemset/task/2180
Additional Problems II,Replace with Difference,https://cses.fi/problemset/task/3159
Additional Problems II,Grid Puzzle I,https://cses.fi/problemset/task/2432
Additional Problems II,Grid Puzzle II,https://cses.fi/problemset/task/2131
Additional Problems II,Bit Substrings,https://cses.fi/problemset/task/2115
Additional Problems II,Reversal Sorting,https://cses.fi/problemset/task/2075
Additional Problems II,Book Shop II,https://cses.fi/problemset/task/1159
Additional Problems II,GCD Subsets,https://cses.fi/problemset/task/3161
Additional Problems II,Minimum Cost Pairs,https://cses.fi/problemset/task/3402
Additional Problems II,Same Sum Subsets,https://cses.fi/problemset/task/3425
Additional Problems II,Mex Grid Queries,https://cses.fi/problemset/task/1157
Additional Problems II,Maximum Building II,https://cses.fi/problemset/task/1148
Additional Problems II,Stick Divisions,https://cses.fi/problemset/task/1161
Additional Problems II,Stick Difference,https://cses.fi/problemset/task/3401
Additional Problems II,Coding Company,https://cses.fi/problemset/task/1665
Additional Problems II,Two Stacks Sorting,https://cses.fi/problemset/task/2402
